Position X,Position Y,Position Z,Orientation Roll,Orientation Pitch,Orientation Yaw,Initial Z,Final Z,Delta Z,Success
0.06102945598593695,-0.023647720760478705,0.5909173741161629,0.16398779764851545,1.2674213632578128,2.771925366987867,0.38010736847251264,0.3150063102247898,-0.06510105824772283,0
-0.022178062145600464,0.06675841167410011,0.6441916839431971,-0.24969085621462778,1.1467037489289045,-1.2500537375047118,0.4405023343283614,0.7595645310783794,0.319062196750018,1
-0.02527927017256549,-0.03403301280468532,0.6667822584094485,0.05234588748286524,1.2626960769208715,0.931927719487654,0.39250019879767983,0.024987507414241397,-0.36751269138343845,0
0.06435447722864537,-0.020473758497747286,0.6393215241692103,0.22148315241299343,1.17291548667986,2.833577492406281,0.39470059104402827,0.02498680751909251,-0.3697137835249358,0
0.04623816946695953,0.05432892805664901,0.5441681792648481,0.08460998212435551,1.2988444188786434,-2.2759160425665983,0.42119120242160224,0.02470624914387146,-0.39648495327773076,0
0.010090319381777985,0.058573061467953366,0.5919508373141152,-0.05382052438783365,1.2925268251498399,-1.741390866248362,0.42099506687584826,0.6507088429284646,0.2297137760526164,1
-0.010723722330348613,0.02888806415623117,0.6784135907154555,-0.229514798014393,1.3225872985273037,-1.2153469302930353,0.40603462565480447,0.6522076726446151,0.24617304698981063,1
-0.03958408919040513,0.04908314743882771,0.5294760915329313,-0.186555002484654,1.341796741736865,-0.8921226544769242,0.43380148175778493,0.1766690045640999,-0.25713247719368504,0
-0.0458027643779345,0.008396181020845264,0.6436283926427306,-0.004689516632845152,1.281367911275114,-0.18129881104768025,0.5538442074115209,0.024526980853951028,-0.5293172265575699,0
-0.04754451332358298,-0.03362252179604064,0.6257314421630745,-0.09779406023167485,1.248310611626388,0.6155284194723599,0.3844147917011229,0.6291842555156423,0.24476946381451936,1
-0.010437056361429952,-0.042890220092158565,0.6619644191771885,-0.36209544134720295,1.2612874764132236,1.3320923483128484,0.4289478323097209,0.6358720608278173,0.20692422851809644,1
0.01556037750877013,-0.029634318456479798,0.5993812469748813,-0.19162603308218906,1.4054793853364531,2.0543057648580727,0.3925947640360558,0.7064562566068298,0.31386149257077395,1
0.04276954433894289,-0.001824065488462024,0.5408675044148676,0.05926828932997041,1.4070760088618668,3.0989697829457192,0.39846198210098105,0.024426356057454045,-0.374035626043527,0
0.05188679777862376,-0.01947677769884077,0.6301327950310948,-0.34658203567435814,1.2554198784962902,2.7824971254090323,0.38187513118349153,0.840716895000271,0.4588417638167795,1
0.04475090778071069,0.02287108929187803,0.6250550796730714,-0.022283193720846632,1.291057802419552,-2.6691240116741555,0.3986585152712762,0.024729323947908548,-0.37392919132336766,0
0.011159630087261592,0.049129784150542824,0.6215364861357224,0.0713663553271811,1.2956507823677996,-1.7941523469104927,0.38216752483375455,0.6480713883820358,0.26590386354828127,1
-0.018857296543611,0.06864781788565669,0.5603243639866324,-0.09766157154057571,1.2820669880462214,-1.3027125534460176,0.41524718869784405,0.6612228480291745,0.24597565933133048,1
-0.04882384798318208,0.037154117132471395,0.6766801893214857,-0.17974391457844616,1.1091413399063335,-0.650493237506702,0.38356989361962035,0.7839297878974035,0.4003598942777832,1
-0.052837258368566876,-0.008723533647977032,0.6046623628795903,-0.28232599988813406,1.3032170042283258,0.163625851511242,0.39158050628409385,0.6637674237977147,0.27218691751362084,1
-0.02754260965662143,-0.012620623548541016,0.6100543103860739,0.2371470243869527,1.4126279934076849,0.42967008542964086,0.3960965606178572,0.6509935121535938,0.2548969515357366,1
-0.014179693335589449,-0.02148653490433089,0.6713686846518532,0.296769953127402,1.373270891866754,0.9874693465531595,0.3944326757827444,0.638463304210264,0.2440306284275196,1
0.013767087864881572,-0.03471070007168376,0.616745978069198,-0.05208449324489546,1.3697808688920976,1.9483887552661792,0.48392879124934035,0.024986247277399926,-0.45894254397194045,0
0.03403349444547628,-0.04315237419539161,0.6659435453844145,-0.36247974651858383,1.1817305448653006,2.2385977573344533,0.3896284852056394,0.024971850072390337,-0.3646566351332491,0
0.04308853563023642,0.0199158965212258,0.6689968825387305,0.09238083758166342,1.2231647089157982,-2.7086324716676726,0.37963901556081386,0.6543970328441584,0.27475801728334454,1
-0.054423028572646796,-0.013529728043549748,0.6498513055218087,-0.22830351004999744,1.2133469538188462,0.24366340579644075,0.39299728381479715,0.024932477908934846,-0.3680648059058623,0
0.04014127994270188,-0.015966759342466837,0.5920746859543345,-0.12504534384848043,1.3659428062536352,2.7630152773966876,0.3989353676310881,0.6845202226229637,0.28558485499187564,1
-0.052710030162474684,-0.004056506334602924,0.6402342825818298,-0.2206321053242409,1.2512406634956195,0.07680751096225784,0.3867933568322421,0.7098656554159288,0.32307229858368675,1
0.055260813917884066,-0.011795295407576553,0.6581649870211058,0.1611809678266651,1.1916787598790812,2.9313006504466137,0.38145148568361537,0.6370713501984007,0.2556198645147853,1
-0.03168085683691549,0.018402821163492022,0.6152126880740119,-0.13031663122628678,1.3750638163623043,-0.5262430906410928,0.3884733980196347,0.6447598423680165,0.2562864443483818,1
0.030322555237314208,-0.014821649015410294,0.6191698935751808,-0.30447478376821085,1.3862739714149117,2.6869455485060243,0.39074568238402363,0.33177357346333036,-0.05897210892069327,0
0.04743448130271145,0.017808314679500198,0.660235612861516,0.1331838145296011,1.223012777613468,-2.7824452838022866,0.3835480134185684,0.6722135583709566,0.2886655449523882,1
0.03100045602448687,0.04054241329685941,0.6072285439522304,-0.25119123998844767,1.3119833776951075,-2.2236030207354514,0.38717564907786667,0.6783149755472807,0.29113932646941404,1
0.05144094654882886,-0.0008772071841146208,0.5246860295710529,0.11024557061885477,1.386055282043165,3.1245416032353104,0.38852689030201026,0.6327992096150551,0.24427231931304483,1
0.04500146626398856,0.03371989118694882,0.6003186195491618,0.26943294466468104,1.2962913998387895,-2.4985355324792877,0.4055397710085723,0.676470728415022,0.2709309574064497,1
0.01631063371315502,0.04057971421534756,0.6018918617908282,-0.2805783783395251,1.3535181208858527,-1.9529744941511884,0.38744874013178293,0.6306518554825737,0.2432031153507908,1
-0.02129215362307785,0.07713152785275912,0.5545347023916837,0.11363841396775182,1.2556796027459414,-1.3014542574457746,0.39526606768772937,0.6264777237955869,0.2312116561078575,1
-0.048292568099955954,0.017058871005219155,0.6179971999717269,0.283162939189739,1.2964828799827233,-0.3395583908410814,0.4148102940903301,0.7224786642870042,0.30766837019667415,1
-0.06486917632858771,0.000463805313801369,0.6545621354881915,-0.39894396332691945,1.1512419678556007,-0.0071497348506825275,0.39301742869901585,0.6976992835949816,0.3046818548959657,1
-0.024531261103242333,-0.034883497233069036,0.539076014509303,0.25578824792300087,1.4087883206663214,0.9579031922982216,0.3819507058038211,0.6187850018592732,0.2368342960554521,1
-0.01836422906334284,-0.07355199601565811,0.6365888542551644,-0.2368377214357654,1.1364259976321613,1.3261218486063013,0.3830749810965162,0.6502225534872883,0.2671475723907721,1
0.012897846930126897,-0.040839298327720236,0.6164950016914821,0.32904348550516677,1.3415139521533537,1.8767025048732389,0.3967991803508994,0.6414150812128974,0.24461590086199797,1
0.030392568293505427,-0.02822537418500589,0.5334468233756217,0.3497311532044626,1.41642760403229,2.3931491730969103,0.3931192975195774,0.7081871289664322,0.3150678314468548,1
0.05767727796695343,-0.007995236607222272,0.5282387487216735,0.0006776091189614004,1.3597232651857882,3.003850229905341,0.41883222988622115,0.6727849256039969,0.2539526957177758,1
0.045316042544405306,0.042816972513977695,0.6327267807500181,-0.3686277323796272,1.2140343139061143,-2.3845425566306173,0.40030466464824044,0.0243419197846655,-0.37596274486357495,0
0.01199698902220673,0.027245533779124746,0.5483438124775233,-0.04092104498771122,1.4530476342761858,-1.9855785088953761,0.3847243649708577,0.6267015036529503,0.24197713868209259,1
-0.017858162289085103,0.03488248831409115,0.5256715373386804,-0.3213457738031461,1.4289055135138304,-1.09763283984524,0.3312787560583913,0.567566977913345,0.23628822185495368,1
-0.048231887954045254,0.03771734433135948,0.596538898637274,-0.2567384237230628,1.2784828486808444,-0.6636686623806682,0.37469338026507354,0.6856766445458325,0.310983264280759,1
-0.05341592614699606,-0.0189044186559351,0.530555903283968,-0.05746876534700508,1.363522506626619,0.34015366429633176,0.41066045322616546,0.6277310309543844,0.21707057772821897,1
-0.028964368491412554,-0.04226966079973969,0.5787052886100165,0.052457461791812925,1.3432546285048725,0.9700531929161097,0.4776361105273425,0.8029020163813895,0.32526590585404697,1
-0.010936197250713061,-0.060348441076567824,0.5469292796178621,0.09875708937353443,1.333031779656937,1.3915242901784446,0.4145468172001754,0.6620868154892596,0.24753999828908424,1
0.018191928508649043,-0.036574655176992314,0.6450019047365566,-0.12214175737640237,1.3131096477147803,2.0323550886926,0.39418236941977103,0.02497603572120053,-0.3692063336985705,0
0.05510722284852869,-0.06556861363490238,0.6145485294968318,0.044225139450141636,1.1381318527397042,2.2697206584308143,0.43411340616449257,0.6370124015008928,0.2028989953364002,1
0.03800834758653022,0.014370295103015816,0.6500595161502858,-0.14450946724445782,1.306150503715437,-2.7801221674066414,0.3856864765684342,0.6443279808652015,0.2586415042967673,1
0.03688921849786268,0.043867537463842095,0.6232881343164095,0.25031616762254383,1.2571526731552805,-2.269997027944133,0.3847674011420639,0.3847674011420639,0.0,0
0.050293982491645364,0.0,0.8,-0.2599780933742304,-0.0,3.141592653589793,0.40076432014737046,0.038000811260385334,-0.3627635088869851,0
0.04970376285220547,0.0,0.4,-0.15897035221439446,-0.0,3.141592653589793,0.39454007263960744,0.0249860337645079,-0.3695540388750995,0
-0.026131954848551648,0.04526187349878734,0.4,-0.3604218154420436,-0.0,-1.0471975511965976,0.4002955852122384,0.024765916970350632,-0.37552966824188777,0
-0.01956945377341163,-0.033895288211919394,0.4,0.06191337076086956,-0.0,1.0471975511965974,0.02498619995314466,0.024986184848744694,-1.5104399966880955e-08,0
0.04110883775464764,0.0,0.4,0.2550691992332042,-3.0814879110195774e-33,3.141592653589793,0.39260713655112006,0.0249874644184929,-0.36761967213262714,0
4.193428263915882e-18,0.0684838806884648,0.4,-0.2577660203489047,-0.0,-1.5707963267948968,0.39435691438207865,0.024984652141851173,-0.36937226224022746,0
-0.042714396282920064,5.2310048685389656e-18,0.4,0.012027743939410751,9.62964972193618e-35,-1.2246467991473535e-16,0.22726825579057455,0.024988108245311783,-0.20228014754526277,0
-9.065208214663176e-18,-0.04934869504673907,0.4,-0.02506675250264057,-1.734723475976807e-18,1.5707963267948963,0.38696936961167044,0.02498895569078411,-0.3619804139208863,0
0.05135965950065205,0.0,0.4,0.1722687285388166,-0.0,3.141592653589793,0.3949477462447595,0.02498142620906901,-0.36996632003569047,0
0.05453721070778424,0.0,0.4,0.08855629435767032,-0.0,3.141592653589793,0.39572163042380953,0.024982681331955185,-0.37073894909185434,0
-0.017523655576801554,0.030351861793358005,0.4,-0.2099042474807185,-0.0,-1.047197551196598,0.39589074531112245,0.399887596961601,0.003996851650478528,0
-0.026695383692871503,-0.04623776088359907,0.4,0.21119935912619128,-0.0,1.0471975511965972,0.4156250062448537,0.024963734628541824,-0.39066127161631187,0
0.0313212191982194,0.0,0.4,-0.3437104086596539,-0.0,3.141592653589793,0.3922572572815945,0.024988133409227266,-0.3672691238723672,0
0.030884731473914726,0.010035057568739254,0.4,-0.30346532469768983,-6.938893903907228e-18,-2.827433388230814,0.4006420614449597,0.024974604244038474,-0.3756674572009212,0
0.0495409797872618,0.03599362869449967,0.4,0.2646156038954045,-2.7755575615628914e-17,-2.5132741228718345,0.30663703990320273,0.024987715234129047,-0.28164932466907366,0
0.03957442160423519,0.05446951840917313,0.4,0.18609081763756719,-1.3877787807814457e-17,-2.199114857512855,0.02498797846765661,0.02498797787647863,-5.911779780987114e-10,0
0.011853824962540596,0.036482321939768254,0.4,0.20287349517963305,-1.3877787807814457e-17,-1.884955592153876,0.3965974720824396,0.024980625000573204,-0.37161684708186643,0
4.176070668202857e-18,0.06820040963827938,0.4,0.09887963754656093,-0.0,-1.5707963267948968,0.3976940247663616,0.024973997553701024,-0.3727200272126606,0
-0.011891757366824357,0.036599065875957876,0.4,0.38147644597412755,-0.0,-1.2566370614359177,0.40128714136688204,0.029154048280956642,-0.3721330930859254,0
-0.036092049371086836,0.04967644422711692,0.4,0.3537714411887768,2.7755575615628914e-17,-0.9424777960769379,0.02498867541371449,0.024988753437689432,7.802397494066637e-08,0
-0.027874063743160173,0.02025169273773817,0.4,0.29559885857709733,1.3877787807814457e-17,-0.6283185307179588,0.02498816204857559,0.024988227599209125,6.555063353577695e-08,0
-0.06137779309604196,0.019942853888212132,0.4,0.008481833549307984,-0.0,-0.3141592653589795,0.024987961929414323,0.024987961948462874,1.9048550931044517e-11,0
-0.032155534896527505,3.937917288590343e-18,0.4,0.3349745045027643,3.0814879110195774e-33,-1.2246467991473535e-16,0.3996241418503502,0.02498678272361041,-0.3746373591267398,0
-0.04692138649831874,-0.015245682647860534,0.4,-0.2587084112352516,-0.0,0.31415926535897964,0.024986217912042294,0.024986194515740846,-2.3396301448291856e-08,0
-0.0548488918425366,-0.039850052537569146,0.4,0.15004993327776073,6.938893903907228e-18,0.6283185307179585,0.31994866895578167,0.02498888677913777,-0.29495978217664387,0
-0.0180581076037602,-0.024854852823738557,0.4,0.12164235052134242,-0.0,0.9424777960769377,1.0034351168916715,0.1413777129321652,-0.8620574039595064,0
-0.009958000373797852,-0.030647573813622653,0.4,-0.14340204121093797,-0.0,1.2566370614359172,0.35801306542323486,0.02498825237824618,-0.33302481304498865,0
-6.866320312951123e-18,-0.03737850683550405,0.4,-0.14348032964660404,-0.0,1.5707963267948963,0.6810435638684765,0.024988098310243834,-0.6560554655582327,0
0.020498739589929676,-0.06308863336876921,0.4,-0.17084814146721225,-0.0,1.8849555921538754,0.4012703605149866,0.13373674481587355,-0.26753361569911305,0
0.03097094203741003,-0.042627844680251846,0.4,-0.13703475475118315,-6.938893903907228e-18,2.199114857512855,0.3985298953572499,0.030006703800646656,-0.3685231915566033,0
0.054240966802535345,-0.03940836914216891,0.4,0.022221875771132663,-0.0,2.5132741228718345,0.4012444574969722,0.02498516812851566,-0.37625928936845654,0
0.04392180370311689,-0.014271059117218092,0.4,0.09014825222240203,-1.734723475976807e-18,2.827433388230814,0.7321705123333817,0.024988381579846668,-0.7071821307535351,0
0.045265344897898435,0.0,0.4,1.5707967884824476,-1.3879642171717865,1.5707958651073455,0.40021843706756155,0.02492924519955609,-0.37528919186800547,0
-0.02319980386483966,0.04018323901953511,0.4,1.5707962895994818,-1.274797690644208,-2.617993907334151,0.024988347249831087,0.024988350850451025,3.6006199376215076e-09,0
-0.029801236230787356,-0.051617255280086066,0.4,1.5707950910230943,-1.478291085417443,-0.5235975606715625,0.024989621861329418,0.024989621873426904,1.2097486207229835e-11,0
0.05915437578277073,0.0,0.4,-2.845662099442214,-1.1714128023715124e-16,-1.5817905787986484e-16,0.3988784487857821,0.035131362309001594,-0.3637470864767805,0
0.04310085716494705,0.0,0.4,1.5707960690467622,1.2422820043183855,-1.5707965845430312,0.392644503321414,0.6428097475800981,0.25016524425868414,1
-0.02145522382535323,0.0371615377532741,0.4,-1.5707963909773117,1.1804199655656955,-2.617994083059151,0.31077309516050117,0.024988084599682454,-0.28578501056081873,0
-0.02508854506229022,-0.0434546347358679,0.4,1.5707962880880662,1.3807041022146698,2.6179938804425467,0.2971519695669902,0.02498746348798781,-0.2721645060790024,0
3.0075044241402407,0.0,0.4,0.3577623015546577,-0.0,3.141592653589793,0.39999070227846806,0.39999070227847366,5.6066262743570405e-15,0
0.06313353091289167,0.0,0.4,0.33117744143121386,-0.0,3.141592653589793,0.3976589585865187,0.024974123161858923,-0.37268483542465974,0
-0.03478614961887338,0.06025137853958146,0.4,-0.15519899574969037,-0.0,-1.047197551196598,0.024986248617983733,0.02498624861682403,-1.159704277053919e-12,0
-0.046995010542586625,-0.08139774596199498,0.4,0.02673290551576385,-0.0,1.0471975511965972,0.024976791822361108,0.024988886127096516,1.2094304735407735e-05,0
0.08645428404719634,0.0,0.4,-1.5707963267948966,1.551051914839566,1.5707963267948966,0.4705842206080075,0.025167795399523876,-0.4454164252084836,0
-0.05409896465399753,0.0937021554175966,0.4,1.570798364740889,1.526180218272203,0.5236008239736121,0.37129412261245986,0.024988885131175337,-0.3463052374812845,0
-0.05206647661081576,-0.0901817828610294,0.4,1.5707963363929356,1.2178511529770906,2.6179938819983435,0.2761629139156823,0.024988696864673445,-0.2511742170510089,0
0.11669294048971171,0.0,0.4,1.5707963267948966,1.4815391196404006,-1.5707963267948966,0.40071861211405746,0.024941845873649563,-0.3757767662404079,0
-0.05493230292504952,0.09514553964295028,0.4,1.5707962140600003,1.4846517790996656,0.5235986989099487,0.38362870740082056,0.6716172918039234,0.2879885844031028,1
0.08710663502895237,0.0,0.4,-1.5707963267948966,1.3748040291673174,1.570796326794897,0.3107108109255876,0.024987418171705595,-0.28572339275388203,0
-0.041562655867429306,0.07198863165988831,0.4,1.570806384524578,1.5624410734577296,0.5236088122824022,0.3450630049303042,0.02498828294643033,-0.3200747219838738,0
0.0856752888082705,0.0,0.4,1.2589204412519076e-07,1.1869792433644104,1.5707965134062705,0.4001292517893268,0.4000758344635815,-5.3417325745264144e-05,0
-0.04164702128510878,0.07213475684971093,0.4,-3.141592597825011,1.2046099265868582,0.5235988830495092,0.4013465604750949,0.024516012222604824,-0.3768305482524901,0
0.08985663151025959,0.0,0.4,-3.1415925128775863,1.2203963011239516,1.5707965280383787,0.39999069504518736,0.39999070227847544,7.2332880796111e-09,0
-0.05782560530651651,0.10015688636931112,0.4,1.0371835177604658e-06,1.5562244152172795,0.5235997901627997,0.3999906989986861,0.3999907022784761,3.279789995147553e-09,0
-0.05159171023386248,-0.08935946337442091,0.4,3.1415926178960234,1.2611968611220625,-0.5235988274056146,0.3999906950451879,0.39999070227847544,7.2332875244995876e-09,0
0.09328825681856705,0.0,0.4,-5.967174216604001e-08,1.4759419389439743,1.5707963864666388,0.39999069730880127,0.39999070243407375,5.125272484196586e-09,0
-0.08109935009989751,9.931805951277006e-18,0.4,3.141592653589793,1.2284085625303938,1.5707963267948966,0.40061274592192037,0.37704519330332575,-0.02356755261859461,0
0.10288389710656465,0.0,0.4,1.5707963935934177,-0.32615553603312275,-1.570796549207168,0.396957896472734,0.6475670623791465,0.2506091659064125,1
-0.04524900902184683,0.07837358261798126,0.4,1.5707963172131805,-0.2692168722468608,0.5235987152537419,0.3952722421113372,0.6402621739512787,0.2449899318399415,1
-0.05952837884808744,-0.10310617665709582,0.4,1.5707961496047596,-0.06548692797503004,2.6179939599713347,0.40170244112752174,0.6532289603604586,0.2515265192329369,1
0.10120819763466465,-0.01257584914956797,0.14331743175911876,2.763394016318065,9.42783628943289e-10,-1.6944199913695397,0.4006471223867353,0.31634135056411566,-0.08430577182261961,0
0.026605579449021914,0.10876960478171446,0.23555635677960063,2.5437734360155515,4.681125709282696e-09,-0.239894376177421,0.39983504459459007,0.6417608901985065,0.2419258456039164,1
0.08248866972197469,0.003958449025009081,0.15229577099668645,2.841900736152835,0.11904499086570111,-1.1559016865735532,0.40080124483494,0.40080124483494,0.0,0
0.08276066865652934,0.029193322465087698,0.26996184287339564,2.573546974926366,0.18286424652152636,-0.9541042425033164,0.4037798289806665,0.6523574980982447,0.24857766911757823,1
-0.0408489065984354,0.08450355250500446,0.1529820329126605,2.782248941524518,0.05339574196278867,0.5914072515454154,0.4007086575514599,0.02309218533642944,-0.3776164722150305,0
0.09714157395432092,0.0,0.4,1.570796257578774,0.26140812921629025,-1.5707963960110192,0.4015815983624188,0.6563332636559341,0.25475166529351534,1
5.271308155030724e-18,0.08608699518425744,0.4,1.5707963267948966,-0.32819935109202203,0.0,0.3964240711124194,0.6424660605890319,0.2460419894766125,1
0.0933778047427784,-0.009970259166219492,0.6260914765257919,0.38770010413937367,-0.07012139134735772,-1.5072507084766362,0.39995974735523976,0.33471188170515104,-0.06524786565008872,0
0.08442669600255405,0.0,0.4,1.570796244631164,0.1851394700100871,-1.570796244631164,0.4027135824123834,0.6520952138228241,0.24938163141044067,1
-0.05577711247532799,0.096608792706752,0.4,1.5707964167305606,-0.3858055702829012,0.5235987032739289,0.024193859854344208,0.024988222473144178,0.0007943626187999694,0
-0.04235020203010289,-0.07335270162694474,0.4,1.5707962640826976,-0.1095644811863556,2.6179939490888264,0.024970869137017536,0.024987437008071427,1.6567871053890793e-05,0
0.0826562222315059,-0.022666936934016512,0.3468909673813041,2.132932931789078,-0.15352998648100694,-1.934485299733388,0.4027243605757887,0.6475290100924148,0.24480464951662612,1
7.081664744291537e-18,0.10585244102715934,0.3961945494708434,1.6075320177101464,0.20912113333130278,0.007629663016627523,0.40258323804639534,0.6530080872160426,0.2504248491696473,1
-0.11327255592485452,0.00377804989543222,0.44634940084166697,1.1823881999472925,0.031570758805323,1.5245393374351257,0.40012253079918336,0.6530179718201441,0.25289544102096073,1
-1.4773255266368915e-17,-0.06646455013681564,0.336879087648676,2.3337998616911073,0.08445087389048697,-3.0611123517323864,0.39818316956312505,0.6494740016179734,0.25129083205484837,1
0.08232800163021989,-0.021924850624860378,0.45608714449308596,0.9645733945217261,-0.2650936702289398,-1.6513784023855418,0.3959358560800525,0.6563042672095519,0.26036841112949943,1
0.08180940730611119,-0.024112591885101193,0.5510602578672069,0.48286766726352803,-0.18353272395907186,-1.5224252742038966,0.39952326283105205,0.6574859198608336,0.25796265702978155,1
-0.05712658639259208,0.09023976388044747,0.46259256475144145,1.024230308776288,-0.2337107497003971,0.7043445655506181,0.3972896066041888,0.6480346580194344,0.25074505141524556,1
-0.04774209809032437,-0.06397566416793113,0.2549227732285566,2.6386213487202608,-0.00737405596518676,2.4870909774303023,0.39197221913554414,0.6313807018201274,0.23940848268458326,1
0.10904862813304284,0.008181058557438448,0.5001213537952858,0.7959437413555532,0.2644936415371602,-1.7464986126042363,0.40023880307580983,0.6509855431988092,0.25074674012299936,1
0.03000496721039588,0.0656607207097607,0.28913649477400133,2.570735736424841,0.09052129119738908,-0.28878645517032886,0.02498968851200258,0.024988491950459126,-1.1965615434525456e-06,0
-0.0937626989686528,0.041025788333213416,0.3032075405697543,2.3326782762571807,-0.095748472188875,1.0673879199768261,0.02498628208180081,0.02498627646267628,-5.619124530259478e-09,0
-0.0737656978904956,-0.07114704403773409,0.24846003203935504,2.5482364690917865,-0.041601746454823896,2.276537115897164,0.024989545722833382,0.024988932550510774,-6.131723226075747e-07,0
0.028473227626312624,-0.10630304880443614,0.4463592800036506,1.1713225794503592,-0.06077001405802349,-2.854251936083445,0.3991903492829069,0.6519987959899574,0.25280844670705044,1
0.10435368602645899,-0.0014729066169481275,0.5669651131840996,2.5875620585310197,-0.07573043288289381,-1.7065982077106359,0.4004137319185971,0.3816651109239706,-0.018748620994626486,0
7.252052369934783e-18,0.14768513503352898,0.5439472541367606,2.345755989035939,0.06974080028167536,0.06813877728291738,0.40080973156275135,0.3202151006399663,-0.08059463092278507,0
-0.10321227538186471,-0.0021740906141990055,0.3359880521960632,0.9798749996863715,0.33049320997732173,1.377492044212966,0.39784277083550473,0.6358787088010992,0.23803593796559447,1
-1.674290545214536e-17,-0.1168313325088349,0.4189386044011657,1.7411653536871576,0.336925672859206,-3.0847804187789967,0.024988888189916934,0.02498888803305156,-1.5686537485626317e-10,0
0.08992579999108292,0.008973709955809359,0.37984251747117564,1.341296420087169,0.2944566812253509,-1.5390317654763077,0.40424533241180527,0.6534103428378195,0.24916501042601424,1
-0.05970034375411965,0.12359757781728126,0.32583327175257304,1.0608613889200893,-0.22900499661641524,0.5762573457194713,0.3977398339995334,0.6424146205743163,0.24467478657478292,1
-0.040501835413625294,-0.04466295226666907,0.5719036818490294,2.813977928205566,-0.08185719250598958,2.1689169648138455,0.39966440926611146,0.02452161075608847,-0.37514279851002297,0
0.08848374738712793,-0.005385977964604292,0.5931605153872166,2.714036124994929,0.04968615432847546,-1.523023879202879,0.40210234592861493,0.6527075029701238,0.2506051570415089,1
-0.08815533810620182,0.022829246883025598,0.6235332162214637,2.7567260226750343,-0.04017535291795798,1.2185645902108067,0.4015249953321237,0.02544828493089041,-0.3760767104012333,0
0.1086171655599482,-0.015316708757035918,0.2871446495498423,0.7363912506072692,0.25421183811306036,-1.981506187046667,0.3997191590698951,0.6383935648483253,0.23867440577843024,1
0.10028918160041964,0.0369682345402203,0.5574491646228821,2.5654023356992615,-0.16347128388772916,-1.4630615564308938,0.40119151163406336,0.6476235211001504,0.24643200946608707,1
0.0921856980965796,0.04840420325094266,0.5822739125776127,2.6325122908689087,0.10573915290414836,-0.9004065560765,0.40038147996830203,0.6530947745673729,0.2527132945990708,1
0.04865058273906268,0.07279545251191033,0.45011617327614495,2.122354089088146,-0.32389350118843013,-0.7825088287024634,0.40482093030448896,0.6550595689793619,0.25023863867487295,1
0.026574894828583523,0.07239017457364591,0.5310817291191108,2.6357534575338684,-0.17164227560132794,-0.6509367664515077,0.4035701446434474,0.46835077369063105,0.06478062904718362,2
6.6182889561291706e-18,0.13512008580691337,0.4683392361520706,2.0570738668209465,-0.26252971304360134,-0.13633773243924738,0.40044419797947217,0.6477404050074433,0.24729620702797117,1
-0.0250943642227402,0.06904010300789767,0.3715773507189809,1.1981026829762866,0.13426295359384707,0.2963417162717821,0.401476374743559,0.6527823508693607,0.25130597612580163,1
-0.06651302430747492,0.06866707845109533,0.38511780703945503,1.4159207699872909,0.07524644656645378,0.7577284970639878,0.4028366082242951,0.6567452789758708,0.25390867075157564,1
-0.08639551229161747,0.07963407626613189,0.3688391484521705,1.3081863283202455,-0.15864658431177292,0.8685429753517419,0.39711256038905995,0.6430122290398245,0.2458996686507645,1
0.16215902854022457,-0.001140712723415746,0.5791931652034421,2.442373755338686,-0.25047773549687635,-1.8644593527859958,0.4002217193383189,0.024982982788298014,-0.3752387365500209,0
0.1406644458075516,0.021051084991497642,0.5817023119829514,2.5001878366453374,-0.1859465058207101,-1.6649457305527149,0.40106638989037624,0.024966637556711576,-0.37609975233366466,0
0.11866032784949636,0.06776580845808663,0.4879863647658416,2.143621239814363,-0.04836884757447237,-1.083078777622007,0.4009962826519064,0.6495989484918813,0.24860266583997487,1
0.0925441474078827,0.1359387537662825,0.5367776883103808,2.281700257863605,-0.20043113270237842,-0.7674964288138333,0.3978522728419709,0.02498884335013381,-0.3728634294918371,0
0.041527785652354356,0.12271093872764155,0.30606487664024706,0.9192542496191549,-0.25357116163358234,-0.13728742385165857,0.3974520869729097,0.645475660343775,0.24802357337086534,1
9.285304503677162e-18,0.13913076901308513,0.42007380329374366,1.721299911702405,-0.30973202592699683,-0.04619075117763676,0.3977318843077116,0.6469458507202607,0.24921396641254906,1
-0.05024071193598055,0.14087446276124835,0.4080774093242483,1.62622843039171,0.23137860853837272,0.3552971022377431,0.40461001479722974,0.6559949765794734,0.2513849617822436,1
-0.09668055300945937,0.1214491542781973,0.5897831617106013,2.479073924874085,-0.1914026476758505,0.4331543721032411,0.3992694346445262,0.02498067547642029,-0.3742887591681059,0
-0.11610355395882836,0.056819580351130494,0.5135542785847264,2.3047739259905926,-0.1716333066508283,0.9628046032225931,0.4027125838429422,0.6554118528515467,0.2526992690086045,1
-0.12401887391575732,0.02615547550685779,0.24109501312506218,0.6675485115347638,-0.0953702718120583,1.4831637844349688,0.40029450384079396,0.6504185224379364,0.25012401859714245,1
-0.1440026302044446,-0.01986996146515318,0.5593783391718499,2.4077227932784075,0.10055548236483648,1.8187614218115684,0.40034325204170595,0.6483815462831815,0.2480382942414755,1
-0.13082067057126592,-0.03414668825801007,0.3904715045817611,1.4960457445009483,0.34420220460808987,1.8008527167607122,0.4044605084812328,0.6541076337562723,0.24964712527503952,1
0.1509700943978634,0.00902168397711256,0.3728645036624165,1.388272847720064,0.23314434524606534,-1.5537278439904019,0.39856216249801524,0.6485744032442995,0.25001224074628425,1
0.15205393601701958,0.0658472085226624,0.301032723072317,1.0174690662166945,-0.22072258515338242,-1.0277069511881318,0.4003197705748583,0.6486618439018954,0.24834207332703712,1
0.11625508065577363,0.08148382003498682,0.5998866651722972,2.531517727704518,-0.10265849327184104,-1.1050267238046252,0.3998954934592227,0.024988275953916474,-0.37490721750530626,0
0.10094063623311812,0.125085964237291,0.3188940898475546,1.10125230015959,0.09373587643616796,-0.7264322528947397,0.4001911209904948,0.6489974014390558,0.248806280448561,1
0.04594104139809205,0.12409116268326542,0.4036268067128235,1.5999824618071186,-0.3514167718676457,-0.36462274375865106,0.4017350075333974,0.4017350075333974,0.0,0
